1,102,209,10,totam
2,52,21,6,sunt
3,115,267,8,corrupti
4,197,278,3,quasi
5,93,145,10,placeat
6,177,72,6,corporis
7,13,153,8,quos
8,144,102,10,voluptates
9,113,241,7,accusamus
10,65,114,7,est
11,36,226,5,fuga
12,189,83,5,deleniti
13,28,56,8,quam
14,97,13,9,suscipit
15,37,69,7,sed
16,98,110,6,enim
17,94,197,3,cumque
18,59,168,9,ad
19,5,5,1,explicabo
20,109,285,4,totam
21,86,91,1,sapiente
22,16,2,2,dolores
23,185,13,5,libero
24,33,148,6,nesciunt
25,11,270,6,quos
26,170,259,3,omnis
27,29,80,6,praesentium
28,60,250,4,repellendus
29,87,23,6,eius
30,126,279,2,accusamus
31,47,181,6,molestiae
32,7,170,2,asperiores
33,62,101,10,aspernatur
34,193,232,10,aspernatur
35,6,217,2,recusandae
36,136,85,1,voluptatibus
37,163,200,4,ut
38,18,164,7,quam
39,134,300,4,quasi
40,50,92,4,ut
41,71,24,8,dolor
42,104,144,2,ab
43,61,112,2,placeat
44,113,281,4,numquam
45,59,76,2,soluta
46,173,290,10,dolorum
47,81,230,9,eius
48,55,261,4,soluta
49,96,174,7,ab
50,173,220,4,magni
51,160,99,3,neque
52,112,58,10,vitae
53,138,106,10,reprehenderit
54,161,141,3,sed
55,13,161,9,alias
56,196,180,5,provident
57,135,135,9,corrupti
58,6,26,8,fuga
59,27,260,1,maxime
60,38,118,8,quidem
61,37,120,5,et
62,198,175,10,nihil
63,77,105,10,assumenda
64,44,48,6,debitis
65,122,139,4,nihil
66,192,21,6,libero
67,73,267,2,iure
68,48,263,6,molestias
69,157,296,2,suscipit
70,95,91,5,deleniti
71,63,101,9,facilis
72,84,108,7,perspiciatis
73,192,20,8,nam
74,145,37,4,fugiat
75,151,262,5,exercitationem
76,31,120,7,voluptatibus
77,52,90,10,illum
78,130,205,7,ut
79,131,283,7,laboriosam
80,33,48,2,nisi
81,194,140,4,voluptatibus
82,125,20,3,iste
83,164,196,6,ea
84,21,216,6,vel
85,1,256,8,minima
86,167,121,8,veritatis
87,177,72,10,aperiam
88,88,110,8,quo
89,74,244,7,mollitia
90,183,195,4,sunt
91,186,47,2,impedit
92,192,102,5,praesentium
93,164,228,7,mollitia
94,157,186,10,et
95,113,71,9,accusantium
96,37,267,1,veritatis
97,128,265,10,fugit
98,200,235,3,in
99,159,291,9,et
100,76,49,3,iure
101,150,185,8,sapiente
102,82,157,1,accusamus
103,187,48,10,impedit
104,190,97,2,sit
105,39,158,6,odit
106,81,14,8,veniam
107,152,3,6,quis
108,46,139,5,officiis
109,51,165,9,ipsa
110,125,215,4,cum
111,65,237,9,eaque
112,161,107,6,sint
113,104,219,10,praesentium
114,65,237,7,aut
115,95,151,9,ad
116,40,118,6,officia
117,16,8,6,et
118,12,118,9,laudantium
119,176,186,4,saepe
120,190,214,6,saepe
121,23,6,4,corrupti
122,143,63,7,qui
123,31,98,2,fuga
124,124,29,9,incidunt
125,134,93,9,tempora
126,20,277,7,expedita
127,23,99,10,blanditiis
128,76,35,2,praesentium
129,109,173,8,nostrum
130,122,174,3,cum
131,51,56,10,explicabo
132,56,197,3,vero
133,63,179,6,facere
134,18,272,2,necessitatibus
135,172,126,4,velit
136,85,106,6,voluptatum
137,81,114,1,nostrum
138,50,105,2,labore
139,59,295,7,doloremque
140,34,231,1,doloribus
141,99,118,1,architecto
142,105,60,1,tenetur
143,168,104,8,cumque
144,161,240,6,veritatis
145,27,61,7,doloremque
146,107,76,6,animi
147,199,184,7,sapiente
148,147,221,10,iure
149,144,262,4,harum
150,127,210,6,odio
151,159,94,5,reiciendis
152,5,210,6,illo
153,62,87,6,libero
154,169,96,2,quos
155,39,244,1,eligendi
156,183,243,8,harum
157,65,67,10,cumque
158,60,295,2,libero
159,50,222,5,voluptatem
160,58,282,3,nemo
161,185,1,3,illum
162,127,217,8,iusto
163,103,185,4,explicabo
164,35,131,3,nostrum
165,146,137,4,dicta
166,33,90,3,nulla
167,147,19,6,neque
168,102,252,4,aperiam
169,58,223,4,reiciendis
170,115,176,8,labore
171,166,208,5,suscipit
172,27,43,1,sequi
173,95,113,5,velit
174,119,223,8,aspernatur
175,173,45,5,labore
176,171,21,2,numquam
177,161,172,4,mollitia
178,139,201,2,omnis
179,111,11,5,a
180,28,120,5,recusandae
181,5,118,3,porro
182,50,92,9,eum
183,61,15,2,ea
184,163,202,6,numquam
185,196,141,8,magnam
186,123,291,6,debitis
187,36,229,7,hic
188,150,79,3,provident
189,155,228,4,iure
190,198,271,9,vero
191,171,198,10,ut
192,136,191,7,dicta
193,64,204,9,facere
194,200,231,1,mollitia
195,25,129,6,dicta
196,158,120,10,corporis
197,128,93,6,facilis
198,77,122,2,mollitia
199,14,228,7,modi
200,38,289,5,nesciunt
201,50,290,7,blanditiis
202,148,118,8,quam
203,150,124,3,culpa
204,174,215,1,laboriosam
205,64,29,2,impedit
206,61,91,8,ea
207,80,253,5,exercitationem
208,23,45,7,deserunt
209,132,55,10,velit
210,186,80,7,aliquam
211,48,252,2,facere
212,123,114,4,optio
213,178,256,9,exercitationem
214,27,132,7,itaque
215,119,215,9,voluptatum
216,51,247,8,dolores
217,89,21,9,deleniti
218,172,143,6,consequuntur
219,75,249,4,similique
220,143,59,3,asperiores
221,62,125,8,nihil
222,133,271,5,accusantium
223,187,17,1,sed
224,78,53,7,nobis
225,135,98,4,provident
226,11,244,9,eos
227,86,130,8,quisquam
228,161,39,10,exercitationem
229,101,51,9,ratione
230,31,41,8,assumenda
231,56,234,2,assumenda
232,80,257,5,quaerat
233,151,162,4,repudiandae
234,167,188,2,architecto
235,157,269,10,reprehenderit
236,25,161,3,ex
237,49,259,3,temporibus
238,181,221,2,hic
239,10,174,6,rem
240,112,100,7,quos
241,88,97,8,doloribus
242,130,65,1,voluptatum
243,16,86,9,doloremque
244,146,11,2,maiores
245,75,113,6,est
246,155,279,3,saepe
247,104,182,2,dolorum
248,197,1,5,error
249,78,275,3,saepe
250,16,260,8,inventore
251,74,150,5,inventore
252,59,80,2,impedit
253,175,99,7,alias
254,198,49,2,qui
255,18,203,9,minima
256,28,54,8,totam
257,61,187,4,assumenda
258,166,56,8,dolore
259,137,55,6,accusantium
260,118,172,7,ipsum
261,20,84,1,maiores
262,65,250,10,quos
263,99,121,7,a
264,1,6,8,quia
265,122,283,10,non
266,85,159,1,numquam
267,134,66,4,rem
268,138,4,5,perspiciatis
269,56,21,10,libero
270,173,70,10,veritatis
271,115,42,1,ad
272,167,250,2,inventore
273,13,82,5,temporibus
274,130,16,4,perferendis
275,124,65,1,minus
276,31,40,8,repudiandae
277,60,29,10,occaecati
278,66,141,7,nulla
279,90,97,6,adipisci
280,83,13,2,consequatur
281,171,122,6,consectetur
282,24,73,6,nulla
283,181,149,8,eum
284,194,227,3,aliquam
285,180,16,9,optio
286,109,162,1,fuga
287,17,133,10,repudiandae
288,115,25,4,facere
289,93,20,6,maiores
290,148,261,10,voluptatem
291,18,98,2,animi
292,168,86,2,doloribus
293,117,65,2,odit
294,134,134,3,quo
295,40,81,6,possimus
296,150,111,3,debitis
297,142,18,9,quibusdam
298,10,128,2,molestiae
299,123,116,1,dolore
300,164,290,7,placeat
