1,Benavent Vallejo and Ballester,Santa Cruz de Tenerife
2,Jáuregui-Vega,Soria
3,Sotelo LLC,Salamanca
4,Saez-Vega,Girona
5,Feijoo-Campoy,La Rioja
6,Rey Group,Valladolid
7,Ureña and Sons,Cuenca
8,Oliveras Group,Lleida
9,Villalobos Guzmán and Garzón,Murcia
10,Haro LLC,La Rioja
11,Albero PLC,Segovia
12,Mayol Carro and Baeza,Alicante
13,García-Bernat,Ourense
14,Olmedo Mínguez and Ocaña,Córdoba
15,Trujillo-Sanjuan,Teruel
16,Angulo-Isern,Cuenca
17,Bernal Ltd,Cáceres
18,Vilar-Chaves,Toledo
19,Noguera-Castelló,Almería
20,Medina Lopez and Riera,Ceuta
21,Rubio-Fuente,La Coruña
22,Pazos Pozo and Contreras,Almería
23,Blanco Inc,Valencia
24,Solé Ordóñez and Almeida,Cuenca
25,Carrera Catalán and Sola,Cáceres
26,Benitez-Matas,Cantabria
27,Aguado Cabrero and Castañeda,Valladolid
28,Lobo PLC,Huelva
29,Cuenca-Narváez,Pontevedra
30,Parra Carreras and Tormo,Tarragona
31,Marín PLC,Burgos
32,Arnau Álamo and Colomer,Almería
33,Monreal Inc,León
34,Rius Almansa and Agullo,Castellón
35,Uribe Ferrándiz and Arranz,Navarra
36,Frías-Villalba,Ourense
37,Mendoza-Villa,Navarra
38,Carro Gutierrez and Estevez,La Rioja
39,Cardona Group,Málaga
40,Alfaro Mercader and Roman,Lleida
41,Matas Francisco and Arjona,Ourense
42,Pol Ltd,Murcia
43,Vega-Montero,Zaragoza
44,Marí-Barragán,León
45,Lorenzo Group,Melilla
46,Jiménez Inc,Barcelona
47,Arribas Inc,La Rioja
48,Espejo LLC,Lugo
49,Santana-Romero,La Rioja
50,Ortiz-Teruel,Valladolid
51,Sobrino Group,Valencia
52,Dalmau Dávila and Pascual,Málaga
53,Alfaro Ltd,Murcia
54,Pedro-Paz,Álava
55,Silva Group,Barcelona
56,Agustín-Arcos,Cádiz
57,Amo Murcia and Mosquera,Ceuta
58,Gallego-Saavedra,Vizcaya
59,Patiño-Pascual,Teruel
60,Soler-Perales,La Rioja
61,Arnaiz Group,Guipúzcoa
62,Aguiló Marco and Donaire,Cantabria
63,Novoa LLC,Madrid
64,Garcia Cantero and Cuadrado,Guipúzcoa
65,Duran Llabrés and Feliu,Cantabria
66,Calatayud Seguí and Bertrán,Ceuta
67,Bautista Inc,Córdoba
68,Monreal Group,Zamora
69,Carmona Barragán and Martin,Ciudad
70,Bejarano Group,La Rioja
71,Jordá Bernad and Perez,Córdoba
72,Larrañaga-Sales,Santa Cruz de Tenerife
73,Viana Inc,León
74,Martínez Morales and Ochoa,Jaén
75,Frías Llano and Estévez,Cuenca
76,Calderon-Andrade,Jaén
77,Montserrat LLC,Melilla
78,Carbonell-Quintero,Madrid
79,Bru Group,Guadalajara
80,Ramírez Borrás and Domingo,Guipúzcoa
81,Riera Ltd,Granada
82,Nebot Segarra and Casares,Segovia
83,Álvaro Gámez and Santos,Jaén
84,Aguirre LLC,Girona
85,Caparrós LLC,Ciudad
86,Amor Aroca and Catalá,Córdoba
87,Molina Campillo and Paredes,Segovia
88,Noriega Group,Cádiz
89,Cáceres PLC,Teruel
90,Valentín-Bonet,Ávila
91,Ramis-Seco,Córdoba
92,Martin Group,Tarragona
93,Garrido-Salgado,Madrid
94,Sandoval Pedro and Corbacho,Valencia
95,Garay Iglesias and Espinosa,Girona
96,Vega Borrás and Flores,Murcia
97,Figueras Inc,Asturias
98,Sales and Sons,Sevilla
99,Monreal Giménez and Mármol,Baleares
100,Alvarado-Fajardo,Murcia
101,Vilar-Amat,Burgos
102,Catalán Inc,Baleares
103,Barco-Alcázar,Palencia
104,Aguilar Segarra and Menéndez,Lleida
105,Calderón Ltd,La Coruña
106,Prado-Gutierrez,La Rioja
107,Peña-Macías,Granada
108,Roca Collado and Trujillo,Valencia
109,Ariño and Sons,Ávila
110,Cabañas Estevez and Mendizábal,Asturias
111,Alba Jerez and Arjona,Castellón
112,Llorens Inc,León
113,Rius-Jurado,Lugo
114,Aragonés-Vara,Almería
115,Alcázar Llamas and Garzón,Jaén
116,Prats and Sons,Burgos
117,Llabrés Olmedo and Alfaro,Huesca
118,Armas-Amigó,Córdoba
119,Rovira-Ayllón,Huelva
120,Benavides Aguado and Fuertes,Palencia
121,Boada Inc,Segovia
122,Pina Méndez and Aguilar,Vizcaya
123,Guardiola Infante and Juan,Cuenca
124,Sandoval and Sons,Asturias
125,Trillo-Barrera,Girona
126,Bonet Palma and Marcos,Ciudad
127,Soto Duque and Hoyos,Girona
128,Nieto-Fuentes,Teruel
129,Torrecilla Barba and Chamorro,Lleida
130,Luís-Hervia,Ciudad
131,Urrutia Tamayo and Múgica,La Coruña
132,Belmonte-Ruano,Segovia
133,Tormo Palomares and Zaragoza,Ciudad
134,Arnal Inc,Alicante
135,Urrutia Sancho and Luís,Ceuta
136,Torrijos Ltd,Toledo
137,Romeu Almagro and Vaquero,Ávila
138,Arana-Ros,Cantabria
139,Infante-Salmerón,Alicante
140,Buendía-Corbacho,Toledo
141,Noguera-Rubio,Navarra
142,Ferrán-Almazán,Almería
143,Vall PLC,Vizcaya
144,Infante-Conde,Soria
145,Lobo Menéndez and Ochoa,Albacete
146,Diego-Duque,León
147,Gracia Group,Ávila
148,Bustos-Sobrino,La Coruña
149,Huguet-Gilabert,Lleida
150,Ávila-Porta,Baleares
151,Collado Andres and Talavera,Pontevedra
152,Lorenzo-Garcés,Vizcaya
153,Palacios Group,Lugo
154,Belmonte-Linares,Lugo
155,Espinosa Plana and Seco,Las Palmas
156,Arjona Fajardo and Benitez,Santa Cruz de Tenerife
157,Olivares PLC,Segovia
158,Navarrete and Sons,Guipúzcoa
159,Garcia Cifuentes and Iriarte,Badajoz
160,Casado Carrera and Otero,Burgos
161,Moll Agullo and Domínguez,Castellón
162,Sandoval LLC,Jaén
163,Pagès Ltd,Madrid
164,Ibañez-Márquez,Valencia
165,Gonzalez-Clemente,Segovia
166,Ortega Ltd,Granada
167,Avilés Becerra and Camps,Ciudad
168,Ramos Martorell and Pombo,Las Palmas
169,Bonilla-Calzada,León
170,Mayol Rius and Urrutia,Córdoba
171,Sanjuan-Jove,Guipúzcoa
172,Campoy Arregui and Céspedes,Asturias
173,Castro-Perea,Murcia
174,Arco Pineda and Gutiérrez,Barcelona
175,Alegre-Caro,Tarragona
176,Carranza PLC,Lugo
177,Solana Gómez and Arranz,Zamora
178,Rodrigo Ltd,Salamanca
179,Lucas Moraleda and Fiol,Santa Cruz de Tenerife
180,Andrade-Alvarado,Guipúzcoa
181,Pazos Rosselló and Sancho,Salamanca
182,Hoz LLC,Las Palmas
183,Ocaña Garcia and Pineda,Valladolid
184,Bernal PLC,Badajoz
185,Juárez Novoa and Castrillo,León
186,Hidalgo-Álamo,Palencia
187,Agustín Blanco and Fortuny,Las Palmas
188,Sevilla-Tormo,Cuenca
189,Pedraza-Bermejo,Navarra
190,Roman Sastre and Grande,Cádiz
191,Casanova-Sans,Huelva
192,Izaguirre-Cuesta,Salamanca
193,Gaya Urrutia and Zamora,Lugo
194,Salas-Amigó,Tarragona
195,Serrano-Nieto,Soria
196,Andrés and Sons,Castellón
197,Grau Frías and Codina,Segovia
198,Pi Group,Cádiz
199,Llopis Posada and Abascal,Sevilla
200,Recio-Angulo,Madrid
