1,officia,20€
2,nobis,96€
3,dolore,88€
4,eaque,77€
5,nesciunt,61€
6,amet,82€
7,atque,00€
8,magnam,89€
9,quisquam,16€
10,asperiores,00€
11,ipsa,37€
12,officia,75€
13,maiores,37€
14,culpa,96€
15,eius,93€
16,consequatur,44€
17,similique,04€
18,perspiciatis,61€
19,sequi,80€
20,nam,11€
21,voluptatibus,84€
22,soluta,47€
23,atque,46€
24,modi,12€
25,esse,58€
26,consequatur,26€
27,dolor,41€
28,unde,68€
29,dolorem,03€
30,rerum,25€
31,animi,75€
32,qui,80€
33,fugiat,08€
34,optio,44€
35,vel,99€
36,reiciendis,12€
37,totam,51€
38,qui,12€
39,dolor,45€
40,beatae,61€
41,officiis,81€
42,cumque,48€
43,pariatur,86€
44,numquam,61€
45,totam,93€
46,unde,96€
47,animi,35€
48,reiciendis,16€
49,reiciendis,37€
50,suscipit,26€
51,ipsa,83€
52,enim,61€
53,optio,71€
54,nobis,15€
55,iusto,97€
56,consequatur,54€
57,exercitationem,26€
58,perferendis,98€
59,libero,64€
60,voluptate,82€
61,provident,85€
62,iste,67€
63,impedit,85€
64,aliquam,08€
65,eaque,14€
66,nemo,65€
67,amet,01€
68,itaque,79€
69,atque,60€
70,eligendi,13€
71,error,77€
72,ex,29€
73,consectetur,81€
74,animi,03€
75,necessitatibus,15€
76,reprehenderit,08€
77,nobis,26€
78,quisquam,69€
79,ex,23€
80,cumque,73€
81,nobis,42€
82,esse,88€
83,nam,67€
84,quod,02€
85,maiores,48€
86,iste,42€
87,dolor,63€
88,quaerat,80€
89,veritatis,35€
90,amet,96€
91,a,86€
92,velit,80€
93,quia,72€
94,perspiciatis,12€
95,numquam,40€
96,accusantium,79€
97,est,14€
98,velit,25€
99,neque,79€
100,repellendus,98€
101,nesciunt,87€
102,enim,90€
103,veniam,34€
104,ullam,68€
105,excepturi,96€
106,repellendus,42€
107,dicta,18€
108,explicabo,45€
109,consequuntur,47€
110,quibusdam,29€
111,soluta,54€
112,unde,76€
113,temporibus,26€
114,enim,76€
115,unde,63€
116,quam,02€
117,aut,87€
118,unde,66€
119,laborum,41€
120,magnam,49€
121,quis,33€
122,quos,21€
123,temporibus,49€
124,placeat,34€
125,beatae,16€
126,totam,81€
127,dignissimos,13€
128,iusto,85€
129,reiciendis,46€
130,harum,15€
131,molestiae,63€
132,aut,24€
133,repellat,87€
134,veniam,65€
135,velit,36€
136,et,29€
137,autem,69€
138,expedita,68€
139,omnis,97€
140,at,06€
141,quos,61€
142,cum,20€
143,eius,97€
144,blanditiis,23€
145,natus,49€
146,dolorum,43€
147,ipsam,01€
148,eaque,01€
149,id,94€
150,earum,96€
151,qui,97€
152,placeat,70€
153,enim,46€
154,quae,01€
155,neque,75€
156,dolorem,77€
157,quasi,39€
158,dolore,18€
159,laborum,21€
160,repudiandae,15€
161,expedita,62€
162,culpa,49€
163,veniam,09€
164,optio,29€
165,blanditiis,65€
166,deserunt,48€
167,inventore,14€
168,deleniti,91€
169,atque,31€
170,temporibus,22€
171,doloremque,72€
172,error,19€
173,magni,91€
174,quasi,51€
175,impedit,12€
176,quam,22€
177,libero,41€
178,incidunt,48€
179,exercitationem,09€
180,placeat,93€
181,nam,35€
182,perferendis,58€
183,necessitatibus,63€
184,ex,71€
185,molestiae,22€
186,provident,39€
187,ea,54€
188,enim,28€
189,rem,08€
190,sapiente,86€
191,repellat,55€
192,enim,04€
193,sint,18€
194,deserunt,61€
195,iste,70€
196,ipsa,39€
197,dicta,15€
198,suscipit,26€
199,commodi,63€
200,delectus,83€
201,minus,78€
202,alias,33€
203,neque,03€
204,ex,27€
205,rerum,32€
206,aliquid,21€
207,minima,40€
208,accusantium,35€
209,nobis,00€
210,odio,65€
211,animi,07€
212,animi,28€
213,perspiciatis,91€
214,explicabo,06€
215,reiciendis,02€
216,harum,01€
217,autem,13€
218,qui,74€
219,nulla,60€
220,doloribus,35€
221,sunt,97€
222,molestias,09€
223,odio,07€
224,sed,15€
225,tenetur,60€
226,nesciunt,45€
227,et,30€
228,iusto,00€
229,nemo,84€
230,qui,76€
231,cupiditate,63€
232,vitae,06€
233,voluptate,23€
234,adipisci,17€
235,nisi,01€
236,est,04€
237,excepturi,15€
238,earum,57€
239,accusamus,64€
240,cumque,75€
241,tempore,69€
242,ad,71€
243,totam,05€
244,repellat,68€
245,voluptatum,49€
246,voluptate,97€
247,hic,98€
248,impedit,32€
249,ipsam,17€
250,consequuntur,86€
251,dignissimos,59€
252,facilis,47€
253,inventore,58€
254,facere,64€
255,quos,94€
256,et,98€
257,tempora,55€
258,explicabo,67€
259,fugit,70€
260,vero,34€
261,corrupti,80€
262,odit,33€
263,atque,19€
264,perspiciatis,92€
265,expedita,02€
266,fugiat,52€
267,itaque,85€
268,ipsa,25€
269,amet,11€
270,occaecati,08€
271,fuga,79€
272,sed,64€
273,laudantium,71€
274,corporis,65€
275,provident,68€
276,sed,72€
277,laborum,82€
278,minus,53€
279,vero,33€
280,et,61€
281,eius,65€
282,quos,34€
283,nihil,27€
284,harum,66€
285,repellendus,33€
286,rem,62€
287,officiis,28€
288,eaque,39€
289,nisi,14€
290,at,16€
291,perferendis,26€
292,corporis,66€
293,occaecati,79€
294,alias,97€
295,error,10€
296,quia,97€
297,facilis,41€
298,quia,15€
299,labore,79€
300,fuga,70€
301,voluptas,95€
302,tenetur,24€
303,non,75€
304,quis,12€
305,adipisci,45€
306,commodi,10€
307,mollitia,12€
308,molestias,87€
309,dolorum,08€
310,atque,20€
311,nisi,97€
312,culpa,29€
313,labore,37€
314,quasi,81€
315,sapiente,02€
316,facere,30€
317,minima,69€
318,occaecati,99€
319,culpa,78€
320,officia,41€
321,pariatur,40€
322,reprehenderit,02€
323,similique,20€
324,at,77€
325,incidunt,79€
326,dolores,56€
327,quidem,92€
328,occaecati,43€
329,velit,00€
330,nostrum,36€
331,laudantium,43€
332,deserunt,25€
333,itaque,78€
334,aliquam,77€
335,numquam,18€
336,repellat,01€
337,laudantium,27€
338,ullam,51€
339,rem,59€
340,perferendis,94€
341,vel,82€
342,ipsam,68€
343,pariatur,22€
344,quos,74€
345,vitae,71€
346,explicabo,04€
347,debitis,67€
348,perspiciatis,14€
349,velit,19€
350,reiciendis,75€
351,quos,65€
352,pariatur,80€
353,ad,94€
354,assumenda,75€
355,ipsa,35€
356,porro,92€
357,maxime,53€
358,eum,54€
359,atque,17€
360,similique,86€
361,molestias,27€
362,occaecati,28€
363,totam,16€
364,minus,32€
365,ipsum,96€
366,eum,48€
367,perferendis,56€
368,dolores,31€
369,ullam,85€
370,omnis,66€
371,ex,77€
372,molestiae,44€
373,cumque,37€
374,quasi,33€
375,voluptatibus,83€
376,voluptatum,38€
377,distinctio,93€
378,explicabo,94€
379,ipsam,53€
380,incidunt,51€
381,earum,53€
382,ut,91€
383,error,49€
384,accusamus,12€
385,ratione,86€
386,occaecati,12€
387,expedita,16€
388,architecto,67€
389,hic,25€
390,inventore,24€
391,unde,99€
392,sint,13€
393,eligendi,80€
394,autem,44€
395,similique,37€
396,consectetur,69€
397,necessitatibus,51€
398,incidunt,83€
399,maiores,88€
400,eum,55€
401,rem,32€
402,suscipit,38€
403,nihil,75€
404,laborum,03€
405,unde,21€
406,perspiciatis,44€
407,ipsam,81€
408,ipsa,71€
409,nisi,15€
410,dolores,96€
411,ratione,24€
412,pariatur,22€
413,perferendis,25€
414,molestiae,76€
415,distinctio,03€
416,quos,09€
417,explicabo,18€
418,sequi,76€
419,minus,73€
420,magni,09€
421,perspiciatis,36€
422,laudantium,88€
423,rem,43€
424,mollitia,90€
425,reprehenderit,19€
426,temporibus,80€
427,blanditiis,46€
428,ratione,13€
429,deleniti,04€
430,explicabo,79€
431,illum,22€
432,ea,66€
433,quas,96€
434,in,74€
435,iusto,81€
436,recusandae,51€
437,quae,97€
438,quia,90€
439,recusandae,85€
440,explicabo,25€
441,est,15€
442,consequuntur,18€
443,deserunt,23€
444,assumenda,19€
445,explicabo,30€
446,inventore,90€
447,excepturi,95€
448,quas,52€
449,provident,45€
450,soluta,44€
451,aspernatur,69€
452,cupiditate,79€
453,suscipit,17€
454,tempora,43€
455,esse,54€
456,quis,89€
457,fuga,84€
458,perferendis,82€
459,ea,34€
460,omnis,46€
461,beatae,05€
462,harum,88€
463,cumque,26€
464,magni,45€
465,itaque,74€
466,minus,97€
467,harum,79€
468,aliquam,20€
469,odio,16€
470,nostrum,70€
471,ratione,48€
472,vel,81€
473,quis,08€
474,placeat,42€
475,assumenda,98€
476,non,88€
477,reiciendis,62€
478,numquam,51€
479,deserunt,05€
480,ut,24€
481,rerum,87€
482,pariatur,48€
483,iste,81€
484,expedita,73€
485,in,90€
486,eum,83€
487,itaque,57€
488,eveniet,65€
489,quis,18€
490,nemo,22€
491,fugiat,94€
492,veritatis,78€
493,ullam,96€
494,pariatur,76€
495,ratione,62€
496,veniam,01€
497,autem,16€
498,hic,16€
499,quas,29€
500,molestiae,36€
501,impedit,95€
502,sapiente,41€
503,voluptatibus,43€
504,architecto,37€
505,nam,15€
506,vel,10€
507,neque,61€
508,hic,63€
509,dolor,47€
510,cupiditate,31€
511,totam,04€
512,quas,28€
513,dolorum,04€
514,ea,12€
515,numquam,40€
516,delectus,35€
517,rem,53€
518,iusto,17€
519,quam,23€
520,excepturi,97€
521,hic,64€
522,fugit,93€
523,maxime,14€
524,illum,20€
525,architecto,01€
526,ipsum,72€
527,minima,90€
528,sint,94€
529,natus,57€
530,placeat,80€
531,veritatis,04€
532,quidem,80€
533,eaque,42€
534,dicta,76€
535,consectetur,29€
536,amet,72€
537,dicta,84€
538,nesciunt,86€
539,delectus,18€
540,saepe,74€
541,est,03€
542,in,66€
543,temporibus,84€
544,nesciunt,62€
545,sint,90€
546,minima,56€
547,eius,67€
548,consequatur,72€
549,praesentium,75€
550,maiores,95€
551,ducimus,83€
552,nisi,44€
553,fuga,90€
554,aut,78€
555,dolores,45€
556,quas,21€
557,consequuntur,87€
558,hic,30€
559,rem,64€
560,deleniti,37€
561,corporis,24€
562,reiciendis,61€
563,blanditiis,19€
564,vitae,53€
565,recusandae,32€
566,quod,76€
567,praesentium,74€
568,distinctio,76€
569,at,34€
570,ex,88€
571,numquam,82€
572,rerum,39€
573,tempore,07€
574,aliquid,82€
575,autem,20€
576,beatae,27€
577,temporibus,74€
578,nesciunt,88€
579,voluptate,56€
580,officia,93€
581,optio,94€
582,rem,34€
583,itaque,86€
584,ipsam,72€
585,voluptatibus,29€
586,architecto,18€
587,sapiente,25€
588,libero,12€
589,possimus,81€
590,praesentium,91€
591,fugit,79€
592,doloremque,74€
593,rem,80€
594,numquam,00€
595,consequatur,81€
596,temporibus,61€
597,molestias,67€
598,quod,79€
599,consequatur,93€
600,harum,80€
601,repudiandae,53€
602,magni,62€
603,a,97€
604,veritatis,81€
605,natus,97€
606,eveniet,76€
607,officiis,22€
608,laudantium,59€
609,suscipit,47€
610,culpa,35€
611,molestias,84€
612,mollitia,83€
613,illum,94€
614,laudantium,92€
615,quaerat,90€
616,aliquid,04€
617,minus,79€
618,voluptatum,54€
619,perspiciatis,71€
620,veritatis,53€
621,id,22€
622,a,58€
623,corrupti,88€
624,sequi,56€
625,incidunt,11€
626,fugit,88€
627,mollitia,13€
628,fugiat,02€
629,sit,51€
630,nostrum,31€
631,eum,08€
632,excepturi,41€
633,rem,15€
634,explicabo,33€
635,nobis,12€
636,repellat,20€
637,facilis,64€
638,molestiae,82€
639,dignissimos,68€
640,quisquam,84€
641,aliquid,27€
642,qui,55€
643,placeat,24€
644,itaque,35€
645,similique,66€
646,at,54€
647,rem,39€
648,libero,23€
649,dicta,30€
650,est,86€
651,unde,64€
652,nihil,62€
653,eaque,77€
654,maiores,34€
655,odio,11€
656,in,41€
657,molestiae,12€
658,corporis,07€
659,commodi,73€
660,neque,38€
661,totam,49€
662,quibusdam,27€
663,recusandae,85€
664,doloribus,43€
665,non,54€
666,ipsam,54€
667,odio,58€
668,amet,35€
669,illo,13€
670,quam,66€
671,maiores,88€
672,sapiente,66€
673,quaerat,27€
674,nihil,61€
675,iste,74€
676,aut,64€
677,totam,84€
678,distinctio,67€
679,sed,52€
680,consequatur,64€
681,distinctio,72€
682,tempore,55€
683,doloribus,69€
684,necessitatibus,25€
685,sunt,11€
686,accusantium,41€
687,eius,05€
688,esse,06€
689,ducimus,93€
690,sit,66€
691,deserunt,36€
692,possimus,76€
693,nesciunt,37€
694,fugit,57€
695,sapiente,81€
696,doloribus,32€
697,suscipit,37€
698,ipsam,32€
699,et,09€
700,odio,52€
701,officia,79€
702,fugiat,65€
703,repellendus,41€
704,nesciunt,08€
705,tempora,12€
706,consequatur,05€
707,cumque,36€
708,quaerat,63€
709,sequi,62€
710,modi,61€
711,aspernatur,74€
712,modi,59€
713,sed,73€
714,dolores,58€
715,architecto,98€
716,aperiam,66€
717,cupiditate,60€
718,dolorum,69€
719,dicta,91€
720,id,94€
721,a,27€
722,eum,40€
723,ullam,17€
724,fugit,28€
725,dolores,54€
726,quod,65€
727,modi,08€
728,eos,71€
729,sit,89€
730,ducimus,01€
731,aliquid,02€
732,magnam,99€
733,iste,40€
734,modi,99€
735,voluptatem,68€
736,error,99€
737,perspiciatis,73€
738,quam,27€
739,quis,26€
740,unde,67€
741,non,54€
742,cupiditate,13€
743,excepturi,57€
744,labore,61€
745,rerum,46€
746,eum,14€
747,hic,92€
748,dolor,98€
749,possimus,44€
750,odit,39€
751,facilis,61€
752,error,99€
753,accusamus,12€
754,cupiditate,97€
755,consequatur,58€
756,ipsa,27€
757,aspernatur,31€
758,alias,43€
759,accusamus,63€
760,eius,44€
761,laudantium,10€
762,quaerat,35€
763,quas,51€
764,itaque,80€
765,cum,79€
766,sed,60€
767,repellendus,99€
768,adipisci,77€
769,sed,31€
770,iusto,24€
771,error,19€
772,facilis,47€
773,aliquam,72€
774,atque,38€
775,qui,45€
776,ullam,35€
777,illo,06€
778,ex,02€
779,consectetur,97€
780,quasi,29€
781,iste,91€
782,est,21€
783,error,62€
784,saepe,60€
785,sit,60€
786,laborum,85€
787,odio,00€
788,eaque,32€
789,molestias,45€
790,voluptatibus,29€
791,alias,13€
792,totam,76€
793,cum,72€
794,aliquid,42€
795,unde,41€
796,totam,79€
797,dolorum,59€
798,officiis,59€
799,molestiae,46€
800,consequatur,58€
801,eveniet,35€
802,voluptatem,59€
803,dicta,10€
804,id,94€
805,ipsam,26€
806,commodi,49€
807,fuga,42€
808,totam,41€
809,facere,18€
810,amet,70€
811,ad,33€
812,aliquam,05€
813,et,21€
814,illum,37€
815,non,42€
816,voluptatibus,32€
817,accusantium,80€
818,blanditiis,48€
819,deleniti,62€
820,veritatis,03€
821,vitae,11€
822,accusamus,72€
823,totam,80€
824,nulla,18€
825,fugiat,91€
826,sint,04€
827,minus,31€
828,qui,95€
829,eligendi,80€
830,quibusdam,20€
831,laudantium,17€
832,aliquid,85€
833,ipsum,43€
834,exercitationem,44€
835,eos,05€
836,qui,19€
837,et,79€
838,vel,09€
839,libero,47€
840,atque,17€
841,eligendi,62€
842,distinctio,14€
843,ratione,02€
844,et,58€
845,incidunt,25€
846,quisquam,43€
847,dignissimos,69€
848,dolore,19€
849,aspernatur,13€
850,consectetur,58€
851,ducimus,82€
852,atque,98€
853,facilis,25€
854,odit,18€
855,id,65€
856,sed,96€
857,incidunt,73€
858,et,00€
859,tenetur,30€
860,iure,60€
861,facere,02€
862,quia,37€
863,dolorem,94€
864,aliquid,70€
865,consequatur,23€
866,repellendus,90€
867,maiores,55€
868,dolore,57€
869,eius,29€
870,sunt,78€
871,modi,61€
872,consectetur,22€
873,atque,91€
874,quis,82€
875,illo,92€
876,exercitationem,55€
877,quisquam,37€
878,ut,57€
879,tenetur,23€
880,illo,16€
881,ipsum,44€
882,expedita,21€
883,vitae,75€
884,fugit,55€
885,consectetur,12€
886,minus,43€
887,quaerat,59€
888,reprehenderit,51€
889,numquam,02€
890,repellendus,18€
891,atque,33€
892,minus,47€
893,ducimus,97€
894,dolores,45€
895,non,37€
896,voluptatum,23€
897,facere,77€
898,nostrum,71€
899,error,46€
900,fugit,24€
901,saepe,82€
902,vitae,53€
903,earum,04€
904,soluta,68€
905,voluptatibus,33€
906,perferendis,83€
907,distinctio,66€
908,quidem,25€
909,asperiores,56€
910,quae,45€
911,mollitia,04€
912,ea,34€
913,veritatis,81€
914,assumenda,78€
915,vero,05€
916,tempore,28€
917,commodi,71€
918,itaque,99€
919,tenetur,17€
920,suscipit,70€
921,vel,29€
922,laudantium,36€
923,debitis,13€
924,magnam,68€
925,non,10€
926,earum,17€
927,esse,82€
928,expedita,30€
929,repellendus,59€
930,ut,81€
931,id,31€
932,vitae,81€
933,nam,82€
934,quaerat,23€
935,aut,49€
936,magni,52€
937,expedita,54€
938,nam,32€
939,facilis,86€
940,dolore,65€
941,odit,80€
942,nesciunt,33€
943,ducimus,27€
944,magni,60€
945,saepe,42€
946,debitis,38€
947,laborum,72€
948,ullam,71€
949,reiciendis,45€
950,id,51€
951,dolorum,78€
952,ipsa,18€
953,debitis,63€
954,fugit,21€
955,ducimus,79€
956,unde,15€
957,praesentium,73€
958,quas,33€
959,dicta,54€
960,culpa,93€
961,blanditiis,89€
962,a,22€
963,amet,28€
964,harum,33€
965,error,67€
966,velit,64€
967,nulla,76€
968,voluptate,39€
969,sapiente,72€
970,reprehenderit,85€
971,tempore,61€
972,aut,73€
973,illo,22€
974,quaerat,57€
975,distinctio,54€
976,suscipit,27€
977,dignissimos,56€
978,similique,69€
979,accusantium,25€
980,eveniet,33€
981,repellat,30€
982,perferendis,27€
983,error,25€
984,repudiandae,66€
985,culpa,14€
986,quidem,39€
987,esse,53€
988,cumque,76€
989,blanditiis,53€
990,vel,12€
991,voluptatibus,91€
992,eius,63€
993,adipisci,13€
994,a,92€
995,dignissimos,20€
996,pariatur,37€
997,iste,18€
998,ipsa,58€
999,nostrum,84€
1000,accusamus,95€
